{
  "quantum_efficiency_wavelengths": [
    308.0956917499308,
    317.08543083530134,
    326.07582456496436,
    335.0652363281887,
    344.055220905169,
    353.04577829590517,
    362.03633568664134,
    371.0267294163044,
    380.01990538421046,
    387.3909780060478,
    392.3097063479588,
    406.47451494505947,
    415.20949102095886,
    424.1885921365767,
    433.17006633775475,
    442.1549774214683,
    451.1406249800109,
    460.12733633552875,
    469.11502965748537,
    478.1088602696839,
    487.0994176604201,
    496.0899750511563,
    505.0831510190623,
    514.0809094970157,
    522.779342101051,
    532.087309914285,
    541.0716481842426,
    550.0473942478616,
    559.0311597040632,
    567.5176716760432,
    572.625470349431,
    575.0176415184712,
    577.4140133217215,
    579.2382287410313,
    580.54432593506,
    580.8395705109672,
    582.2090629906763,
    583.3538001083398,
    584.2074289888847,
    585.3538806511237,
    586.0864626846358,
    587.1739393714282,
    588.0241552366774,
    589.2811950240384,
    590.2192503431336,
    590.7922057720718,
    593.7251059639235,
    596.2630134218844,
    597.9267217507553,
    600.1946527334908,
    659.3156045052789,
    668.6703311638589,
    674.327010206984,
    681.1708184824029,
    682.5796811919276,
    684.2771446171295,
    685.8838872024783,
    687.4104855448245,
    688.9016056735413,
    691.5375122130783,
    693.7547784036067,
    696.5128848214035,
    699.3496631170487,
    702.0697452225218,
    704.2070214790592,
    706.2290417628678,
    707.9794160336706,
    711.4983473205,
    716.7887674945799,
    724.1284405705317,
    733.1132698237086,
    740.8748450723065,
    602.856339979109,
    610.6024910304736,
    618.9759412325719,
    624.7578795585631,
    629.8940687587992,
    638.2575843589627,
    648.2404400744812,
    654.3473818066216,
    664.6197602070939,
    671.6633929787911,
    673.2543485171898,
    676.1069985012944,
    677.371531404696,
    678.9610677142468,
    680.5513136382217,
    749.1036150597213,
    758.7671442844817,
    771.0065738680232,
    401.22365911258464,
    395.41191698078933
  ],
  "quantum_efficiency": [
    0.5522313395793219,
    0.47603074393498446,
    0.46079062480610844,
    0.35410979090401895,
    0.3007693739529742,
    0.3007693739529742,
    0.3007693739529742,
    0.2855292548241124,
    0.5293711608860292,
    1.9412593401820573,
    3.3183129614692604,
    5.656909241794381,
    4.689923683067576,
    3.623115344046667,
    2.777288732394368,
    2.2515046224483513,
    1.7943010485822555,
    1.4361582490537899,
    1.1694561642985661,
    1.4742585468759728,
    1.4742585468759728,
    1.4742585468759728,
    1.7181004529378896,
    2.3886656946081786,
    3.726938655612088,
    4.743264100018621,
    4.16413957312156,
    2.7849087919587987,
    2.1524438481106927,
    2.783956284513252,
    4.64267931376807,
    6.685109279022157,
    9.118702301917239,
    11.549501302972018,
    13.935595954582112,
    16.059052553204694,
    18.549723450837178,
    21.85664787181237,
    25.237414298566733,
    28.703997110415806,
    31.685617559985467,
    35.09681886750016,
    38.159765309921205,
    41.05157791462431,
    44.23955683439846,
    45.64774384190607,
    51.49004350995843,
    55.14342663912994,
    57.84963636444216,
    60.28283024136006,
    55.32304232886305,
    51.179907085685926,
    45.16577507445555,
    35.53338478004592,
    33.53565916423653,
    31.230591145994914,
    28.632150834522555,
    26.725230928522684,
    24.776400694918415,
    22.33362731454809,
    20.048915741142892,
    18.112658605819945,
    15.891411242787129,
    13.676151069412072,
    11.553692335732464,
    9.571333840044673,
    7.663016923124658,
    5.539560324502077,
    3.4739798925712932,
    1.9619423589998206,
    1.428538189489359,
    1.149453507941928,
    62.07048458149781,
    63.39207048458151,
    63.12775330396477,
    61.54185022026432,
    59.823788546255514,
    58.63436123348018,
    58.23788546255507,
    56.91629955947137,
    53.48017621145375,
    49.38325991189428,
    47.5330396475771,
    43.17180616740089,
    40.9251101321586,
    38.94273127753304,
    37.02643171806167,
    0.616740088105729,
    0.4845814977973646,
    0.22026431718062156,
    6.035242290748911,
    4.845814977973575
  ]
}