{
  "quantum_efficiency_wavelengths": [
    301.2315424806906,
    388.7979895502044,
    394.93582462517037,
    402.71041572012723,
    411.71257383007725,
    420.71473194002726,
    429.7168900499773,
    438.7190481599273,
    447.7212062698773,
    456.72336437982733,
    463.67957746478874,
    468.1806565197637,
    470.2266015447524,
    472.68173557473875,
    474.6107694554423,
    476.20076101771923,
    477.319210964713,
    479.22875965470234,
    481.274704679691,
    482.0930826896865,
    482.9114606996819,
    484.1390277146751,
    485.36659472966835,
    486.32136907466304,
    487.412539754657,
    490.97832965535144,
    492.61508567534236,
    494.77794184461607,
    498.59703922459494,
    501.3249659245797,
    505.0076669695593,
    509.5087460245343,
    516.4649591094957,
    537.7427873693775,
    546.7449454793276,
    554.1103475692867,
    559.4298046342572,
    564.3400726942299,
    569.2503407542026,
    574.1606088141754,
    578.6616878691503,
    582.3443889141299,
    586.0270899591095,
    589.3006019990913,
    591.8921323640769,
    594.6200590640618,
    597.3674709547607,
    599.6121649250341,
    602.2582538240193,
    604.0314061790095,
    606.0773512039982,
    608.1232962289868,
    609.7600522489777,
    612.2151862789641,
    613.851942298955,
    615.8978873239437,
    617.9438323489322,
    620.5158775232037,
    624.0816674238982,
    628.1735574738755,
    632.2654475238528,
    639.4944532788127,
    648.2238187187642,
    657.2259768287142,
    666.2281349386642,
    675.2302930486143,
    684.2324511585642,
    693.2346092685143,
    701.0092003634711,
    707.147035438437,
    714.5124375283962,
    723.5145956383461,
    732.5167537482962,
    738.2453998182643,
    799.6237505679236,
    526.1290322580645,
    488.70967741935476,
    747.4193548387096,
    762.9032258064516,
    381.61290322580646,
    369.35483870967744,
    355.80645161290323,
    339.6774193548387,
    324.8387096774194,
    313.8709677419355,
    779.0322580645161
  ],
  "quantum_efficiency": [
    2.0036655115880535,
    3.6120442895468017,
    5.462219206442356,
    6.721591120798877,
    6.103822006110747,
    5.295383411580602,
    4.525078713018857,
    4.5098251546315,
    4.921671231090244,
    4.9064176727028865,
    6.3466078104429045,
    8.446768574409433,
    10.474919831488933,
    12.73844196868454,
    15.716832409802734,
    18.396664710485126,
    20.636649759669126,
    23.880573176714606,
    26.8029007377599,
    29.48752701393547,
    31.601670206423734,
    33.85004471272077,
    36.08164030479172,
    38.24052726854958,
    42.28144911133468,
    47.58478450065473,
    50.2694107768303,
    52.78924414542813,
    56.78122748838712,
    58.962486337779765,
    61.48491644310306,
    63.548722892913034,
    65.41728379536478,
    67.07229488039347,
    66.72908981667786,
    65.21462937678984,
    63.311021608043326,
    61.507288328737864,
    59.64762533534541,
    57.59220834264849,
    55.49484406438632,
    53.81695264177659,
    51.8370407630971,
    49.92983751273071,
    48.000262376729516,
    45.81900352733687,
    43.68967941245356,
    41.56834525672554,
    39.42903369289813,
    37.35683778597511,
    35.27625242193905,
    33.39701402861615,
    31.43388106416276,
    29.185506557865715,
    27.33982599299501,
    25.523508528019974,
    23.39118817845344,
    21.277843981880707,
    18.972740765581136,
    16.798473130449366,
    15.071643208013512,
    13.072155929403593,
    11.480701337655574,
    10.115507861986742,
    9.528245864073341,
    9.192667579551383,
    8.39948254340861,
    7.217331768388107,
    5.829257955138246,
    3.911667757869978,
    2.046375475072665,
    0.9786263879573767,
    0.7345694537595904,
    0.7116891161785617,
    -0.12725659512631182,
    66.87830687830689,
    44.920634920634924,
    0.4761904761904816,
    0.3439153439153415,
    1.9312169312169374,
    1.6666666666666714,
    1.6666666666666714,
    1.5343915343915313,
    1.5343915343915313,
    1.6666666666666714,
    0.21164021164021563
  ]
}